SET search_path TO smart_shell;

-- SELECT current_schema();

DROP TABLE IF EXISTS TBL_WAREHOUSE;

DROP TABLE IF EXISTS TBL_TYPE_INVENTORY;

CREATE TABLE TBL_TYPE_INVENTORY(
	IDCOMPANY INTEGER,
	TYPINV INTEGER,
	ABREVI VARCHAR(10),
	DESCRI VARCHAR(250),
	CODEXT VARCHAR(100),
	OBSERV VARCHAR(500),
	COMMEN VARCHAR(4000),
	DEFAUL VARCHAR(1) DEFAULT 'N',
	STATUS VARCHAR(1) DEFAULT 'Y',
	CREATEBY VARCHAR(10) DEFAULT 'ADMIN',
	UPDATEBY VARCHAR(10) DEFAULT 'ADMIN',
	CREATEAT TIMESTAMP DEFAULT CURRENT_TIMESTAMP,
	UPDATEAT TIMESTAMP DEFAULT CURRENT_TIMESTAMP
);

ALTER TABLE TBL_TYPE_INVENTORY
	ADD CONSTRAINT PK_TYPE_INVENTORY PRIMARY KEY (IDCOMPANY,TYPINV);

INSERT INTO TBL_TYPE_INVENTORY (IDCOMPANY,TYPINV,ABREVI,DESCRI,DEFAUL)
VALUES 
(1,1,'Merc','Merchandise','Y'),
(1,2,'Sevc','Service','N'),
(1,99,'Other','Other','N');

SELECT * FROM TBL_TYPE_INVENTORY;

CREATE TABLE TBL_WAREHOUSE(
	IDCOMPANY INTEGER,
	CODWARHOU INTEGER,
	TYPINV INTEGER,
	ABREVI VARCHAR(10),
	DESCRI VARCHAR(250),
	CODEXT VARCHAR(100),
	OBSERV VARCHAR(500),
	COMMEN VARCHAR(4000),
	DEFAUL VARCHAR(1) DEFAULT 'N',
	STATUS VARCHAR(1) DEFAULT 'Y',
	CREATEBY VARCHAR(10) DEFAULT 'ADMIN',
	UPDATEBY VARCHAR(10) DEFAULT 'ADMIN',
	CREATEAT TIMESTAMP DEFAULT CURRENT_TIMESTAMP,
	UPDATEAT TIMESTAMP DEFAULT CURRENT_TIMESTAMP
);

ALTER TABLE TBL_WAREHOUSE
	ADD CONSTRAINT PK_WAREHOUSE PRIMARY KEY (IDCOMPANY,CODWARHOU,TYPINV);

ALTER TABLE TBL_WAREHOUSE
	ADD CONSTRAINT PK_WAREHOUSE_TYPE_INVENTORY FOREIGN KEY (IDCOMPANY,TYPINV)
		REFERENCES TBL_TYPE_INVENTORY (IDCOMPANY,TYPINV);

INSERT INTO TBL_WAREHOUSE (IDCOMPANY,CODWARHOU,TYPINV,ABREVI,DESCRI,DEFAUL)
VALUES 
(1,1,1,'Prin','Warehouse Principal','Y');

SELECT * FROM TBL_WAREHOUSE;

DROP TABLE IF EXISTS TBL_ARTICLE;

CREATE TABLE TBL_ARTICLE(
	IDCOMPANY INTEGER,
	CODART VARCHAR(50),
	TYPINV INTEGER,
	ABREVI VARCHAR(10),
	DESCRI VARCHAR(250),
	CODEXT VARCHAR(100),
	CODBAR VARCHAR(100),
	CODEAN VARCHAR(100),
	REGISTDATE DATE,
	CSTOCK VARCHAR(10),
	CODPRV VARCHAR(50),
	CODMAN VARCHAR(100),
	CODUNI VARCHAR(10),
	STOCKNEGATIVE VARCHAR(1) DEFAULT 'N',
	EDITDESCRI VARCHAR(1) DEFAULT 'N',
	PRINTCOMMENT VARCHAR(1) DEFAULT 'N',
	IMAGE BYTEA,
	OBSERV VARCHAR(500),
	COMMEN VARCHAR(4000),
	STATUS VARCHAR(1) DEFAULT 'Y',
	CREATEBY VARCHAR(10) DEFAULT 'ADMIN',
	UPDATEBY VARCHAR(10) DEFAULT 'ADMIN',
	CREATEAT TIMESTAMP DEFAULT CURRENT_TIMESTAMP,
	UPDATEAT TIMESTAMP DEFAULT CURRENT_TIMESTAMP
);

ALTER TABLE TBL_ARTICLE
	ADD CONSTRAINT PK_ARTICLE PRIMARY KEY (IDCOMPANY,CODART);

INSERT INTO TBL_ARTICLE (IDCOMPANY,CODART,TYPINV,ABREVI,DESCRI,CODEXT,
                          CODBAR,REGISTDATE,CSTOCK,CODPRV,CODMAN,
                          CODUNI,IMAGE,OBSERV,COMMEN)
VALUES 
   (1,'OSAHG',1,'HERBGC','OSA HERB GARDEN KEYCAPS','OSAHG','',
   '2023-04-26','UNITY','54165646868','','UNITY',
   pg_read_binary_file('/opt/resources/images/article/HerbGarden-2_1024x1024.webp')::bytea,NULL,NULL),
   
   (1,'BPKDC',1,'BPK-DC','BLACK AND PINK - THE DANCER KEYCAPS','BPKDC','',
   '2023-04-26','UNITY','54165646868','','UNITY',
   pg_read_binary_file('/opt/resources/images/article/PurpleandBlack-1_540x.webp')::bytea,NULL,NULL),

   (1,'MRSGR',1,'MRSGRN','MARRS GREEN KEYCAPS','MRSGR','',
   '2023-04-26','UNITY','54165646868','','UNITY',
   pg_read_binary_file('/opt/resources/images/article/NewSwitches-17_2048x.webp')::bytea,NULL,NULL),
   
   (1,'BLKSIL',1,'BLKSVR','BLACK AND SILVER KEYCAPS','BLKSIL','',
   '2023-04-26','UNITY','54165646868','','UNITY',
   pg_read_binary_file('/opt/resources/images/article/BlackandSilverHero-1_1024x1024.webp')::bytea,NULL,NULL),
   
   (1,'PLSH75',1,'POLKIT','POLISH KEYSET - 75% KITTING','PLSH75','',
   '2023-04-26','UNITY','54165646868','','UNITY',
   pg_read_binary_file('/opt/resources/images/article/P75FixKits-25_1024x1024.webp')::bytea,NULL,NULL),
   
   (1,'BLRP75',1,'BLRKIT','BLURPLE KEYSET - 75% KITTING','BLRP75','',
   '2023-04-26','UNITY','54165646868','','UNITY',
   pg_read_binary_file('/opt/resources/images/article/BlurpleHero-1_2048x.webp')::bytea,NULL,NULL),
   
   (1,'PT75SMK',1,'FAP75','FULLY ASSEMBLED PORTICO75 - SMOKE','PT75SMK','',
   '2023-04-26','UNITY','54165646868','','UNITY',
   pg_read_binary_file('/opt/resources/images/article/Copyof215WarehouseWednesday-12_540x.webp')::bytea,NULL,NULL),
   
   (1,'PWK75',1,'POWK','PURPLE ON WHITE KEYSET - 75% KITTING','PWK75','',
   '2023-04-26','UNITY','54165646868','','UNITY',
   pg_read_binary_file('/opt/resources/images/article/PurpleonWhiteHero-1_2048x.webp')::bytea,NULL,NULL),
   
   (1,'BOW75',1,'BOW-K75','BLUE ON WHITE KEYSETS - 75% KITTING','BOW75','',
   '2023-04-26','UNITY','54165646868','','UNITY',
   pg_read_binary_file('/opt/resources/images/article/BlueonWhiteHero-1_2048x.webp')::bytea,NULL,NULL),
   
   (1,'CNKSET',1,'CNK-SET','CABERNET NOIR KEYSET','CNKSET','',
   '2023-04-26','UNITY','54165646868','','UNITY',
   pg_read_binary_file('/opt/resources/images/article/Cabernet2-13_1024x1024.webp')::bytea,NULL,NULL),
   
   (1,'EPBT-OGK',1,'OGK-CAPS','EPBT DOUBLESHOT ABS CHERRY KEYCAPS - ORANGE ON GREY','EPBT-OGK','',
   '2023-04-26','UNITY','54165646868','','UNITY',
   pg_read_binary_file('/opt/resources/images/article/EPBTOrangeonBlackHero-1_1024x1024.webp')::bytea,NULL,NULL),
   
   (1,'EPBT-SDL',1,'SDL-CAPS','EPBT DOUBLESHOT ABS CHERRY KEYCAPS - SKY DOLCH','EPBT-SDL','',
   '2023-04-26','UNITY','54165646868','','UNITY',
   pg_read_binary_file('/opt/resources/images/article/EPBTOrangeonBlackHero-1_1024x1024.webp')::bytea,NULL,NULL),
   
   (1,'EPBT-DOL',1,'DOL-KEYS','EPBT DOUBLESHOT ABS CHERRY KEYCAPS - DOLCH','EPBT-DOL','',
   '2023-04-26','UNITY','54165646868','','UNITY',
   pg_read_binary_file('/opt/resources/images/article/EPBTOrangeonBlackHero-1_1024x1024.webp')::bytea,NULL,NULL),
   
   (1,'EPBT-WOB',1,'WOB-CAPS','EPBT DOUBLESHOT ABS CHERRY KEYCAPS - WOB','EPBT-WOB','',
   '2023-04-26','UNITY','54165646868','','UNITY',
   pg_read_binary_file('/opt/resources/images/article/EPBTOrangeonBlackHero-1_1024x1024.webp')::bytea,NULL,NULL),
   
   (1,'KSET-BP',1,'BP-KSET','BLACK & PURPLE KEYSET','KSET-BP','',
   '2023-04-26','UNITY','54165646868','','UNITY',
   pg_read_binary_file('/opt/resources/images/article/PurpleandBlackHero-1_1024x1024.webp')::bytea,NULL,NULL),
   
   (1,'KSET-BRD',1,'BRD-KSET','BRED KEYSET','KSET-BRD','',
   '2023-04-26','UNITY','54165646868','','UNITY',
   pg_read_binary_file('/opt/resources/images/article/BREDHero-1_1024x1024.webp')::bytea,NULL,NULL),
   
   (1,'KSET-WOB',1,'WOB-KSET','WHITE-ON-BLACK KEYSET','KSET-WOB','',
   '2023-04-26','UNITY','54165646868','','UNITY',
   pg_read_binary_file('/opt/resources/images/article/WoB-2-web_1024x1024.webp')::bytea,NULL,NULL),
   
   (1,'WBLOCK',1,'W-BLOCK','WRITER S BLOCK','WBLOCK','',
   '2023-04-26','UNITY','54165646868','','UNITY',
   pg_read_binary_file('/opt/resources/images/article/DSC00280-2_1024x1024.webp')::bytea,NULL,NULL),
   
   (1,'POLSH',1,'POLSH','POLISH','POLSH','',
   '2023-04-26','UNITY','54165646868','','UNITY',
   pg_read_binary_file('/opt/resources/images/article/Polish-4_c811cb59-fcc0-42e6-b6fe-da6115bbc7fc_1024x1024.webp')::bytea,NULL,NULL),
   
   (1,'EQUATKC',1,'EQUATKC','EQUALZ X TKC FRUIT SMOOTHIE SWITCHES','EQUATKC','',
   '2023-04-26','UNITY','54165646868','','UNITY',
   pg_read_binary_file('/opt/resources/images/article/NewSwitches-14_1024x1024.webp')::bytea,NULL,NULL),
   
   (1,'MSHMW1',1,'MSHMW1','MARSHMALLOW KEYSET','MSHMW1','',
   '2023-04-26','UNITY','54165646868','','UNITY',
   pg_read_binary_file('/opt/resources/images/article/Marshmallow_Production-5_1024x1024.webp')::bytea,NULL,NULL),
   
   (1,'FAIPRO',1,'MNT-KIT','FAIRY PRO (SILENT LINEAR)','FAIPRO','',
   '2023-04-26','UNITY','54165646868','','UNITY',
   pg_read_binary_file('/opt/resources/images/article/124Switches-1_1024x1024.webp')::bytea,NULL,NULL),
   
   (1,'PENGPRO',1,'PENGPRO','PENGUIN PRO (SILENT TACTILE)','PENGPRO','',
   '2023-04-26','UNITY','54165646868','','UNITY',
   pg_read_binary_file('/opt/resources/images/article/124Switches-6_1024x1024.webp')::bytea,NULL,NULL),

   (1,'KYRBL1',1,'KYRBL1','KEYREATIVE BLANK KEYSET','KYRBL1','',
   '2023-04-26','UNITY','54165646868','','UNITY',
   pg_read_binary_file('/opt/resources/images/article/switch-swirl_deskmat_alexotos_angle_1920x1080_6418065e-2c45-47c8-b225-ec5a3f693b91_1024x1024.webp')::bytea,NULL,NULL);

-- NO SELECT,FOR BUG IN DEPLOYMENT   
-- SELECT * FROM TBL_ARTICLE;

DROP TABLE IF EXISTS TBL_LIST_PRICE;

CREATE TABLE TBL_LIST_PRICE(
	CODLISTPRICE INTEGER,
	ABREVI VARCHAR(10),
	DESCRI VARCHAR(250),
	CODEXT VARCHAR(100),
	CODCUR VARCHAR(10),
	INCTAX VARCHAR(1) DEFAULT 'N',
	DEFAUL VARCHAR(1) DEFAULT 'N',
	OBSERV VARCHAR(500),
	COMMEN VARCHAR(4000),
	STATUS VARCHAR(1) DEFAULT 'Y',
	CREATEBY VARCHAR(10) DEFAULT 'ADMIN',
	UPDATEBY VARCHAR(10) DEFAULT 'ADMIN',
	CREATEAT TIMESTAMP DEFAULT CURRENT_TIMESTAMP,
	UPDATEAT TIMESTAMP DEFAULT CURRENT_TIMESTAMP
);

INSERT INTO TBL_LIST_PRICE(CODLISTPRICE,ABREVI,DESCRI,CODCUR,INCTAX,DEFAUL)
	VALUES (1,'General','General Price List','USD','N','S'),
		   (2,'Alterna','Alternative Price List','USD','N','N');

SELECT * FROM TBL_LIST_PRICE;

DROP TABLE IF EXISTS TBL_LIST_PRICE_ARTICLE;

CREATE TABLE TBL_LIST_PRICE_ARTICLE(
	CODLISTPRICE INTEGER,
	CODART VARCHAR(50),
	DESART VARCHAR(250),
	PRICE NUMERIC(24,4),
	MODPRICE VARCHAR(1) DEFAULT 'N',
	MODDESC VARCHAR(1) DEFAULT 'N',
	DESMAX NUMERIC(24,4) DEFAULT 100,
	DESC01 NUMERIC(24,4) DEFAULT 0,
	DESC02 NUMERIC(24,4) DEFAULT 0,
	DESC03 NUMERIC(24,4) DEFAULT 0,
	DESC04 NUMERIC(24,4) DEFAULT 0,
	IMPIGV NUMERIC(24,4) DEFAULT 0,
    IMPISC NUMERIC(24,4) DEFAULT 0,
    IMPTRIBADD01 NUMERIC(24,4) DEFAULT 0,
    IMPTRIBADD02 NUMERIC(24,4) DEFAULT 0,
    IMPTRIBADD03 NUMERIC(24,4) DEFAULT 0,
    IMPTRIBADD04 NUMERIC(24,4) DEFAULT 0,
	IMPLISTPRICE NUMERIC(24,4),
	IMPDESCTOTAL NUMERIC(24,4),
	IMPSALEPRICE NUMERIC(24,4),
	IMPTRIBTOTAL NUMERIC(24,4),
	IMPTOTAL NUMERIC(24,4),
	STATUS VARCHAR(1) DEFAULT 'Y',
	CREATEBY VARCHAR(10) DEFAULT 'ADMIN',
	UPDATEBY VARCHAR(10) DEFAULT 'ADMIN',
	CREATEAT TIMESTAMP DEFAULT CURRENT_TIMESTAMP,
	UPDATEAT TIMESTAMP DEFAULT CURRENT_TIMESTAMP
);

ALTER TABLE TBL_LIST_PRICE_ARTICLE
	ADD CONSTRAINT PK_LIST_PRICE_ARTICLE PRIMARY KEY (CODLISTPRICE,CODART);

INSERT INTO TBL_LIST_PRICE_ARTICLE (CODLISTPRICE,CODART,DESART,PRICE,MODPRICE,MODDESC,DESMAX,DESC01,DESC02,DESC03,DESC04,IMPIGV,IMPISC,IMPTRIBADD01,IMPTRIBADD02,IMPTRIBADD03,IMPTRIBADD04,IMPLISTPRICE,IMPDESCTOTAL,IMPSALEPRICE,IMPTRIBTOTAL,IMPTOTAL,STATUS,CREATEBY,UPDATEBY,CREATEAT,UPDATEAT) VALUES (1,'OSAHG','OSA HERB GARDEN KEYCAPS',125.0000,'N','N',99.0000,0.0000,0.0000,0.0000,0.0000,0.0000,0.0000,0.0000,0.0000,0.0000,0.0000,125.0000,0.0000,125.0000,0.0000,125.0000,'Y','ADMIN','ADMIN','2024-02-29 00:13:44.812027','2024-02-29 00:13:44.812027');
INSERT INTO TBL_LIST_PRICE_ARTICLE (CODLISTPRICE,CODART,DESART,PRICE,MODPRICE,MODDESC,DESMAX,DESC01,DESC02,DESC03,DESC04,IMPIGV,IMPISC,IMPTRIBADD01,IMPTRIBADD02,IMPTRIBADD03,IMPTRIBADD04,IMPLISTPRICE,IMPDESCTOTAL,IMPSALEPRICE,IMPTRIBTOTAL,IMPTOTAL,STATUS,CREATEBY,UPDATEBY,CREATEAT,UPDATEAT) VALUES (1,'BPKDC','BLACK AND PINK - THE DANCER KEYCAPS',10.0000,'Y','N',99.0000,0.0000,0.0000,0.0000,0.0000,0.0000,0.0000,0.0000,0.0000,0.0000,0.0000,10.0000,0.0000,10.0000,0.0000,10.0000,'Y','ADMIN','ADMIN','2024-02-29 00:13:44.812027','2024-02-29 00:13:44.812027');
INSERT INTO TBL_LIST_PRICE_ARTICLE (CODLISTPRICE,CODART,DESART,PRICE,MODPRICE,MODDESC,DESMAX,DESC01,DESC02,DESC03,DESC04,IMPIGV,IMPISC,IMPTRIBADD01,IMPTRIBADD02,IMPTRIBADD03,IMPTRIBADD04,IMPLISTPRICE,IMPDESCTOTAL,IMPSALEPRICE,IMPTRIBTOTAL,IMPTOTAL,STATUS,CREATEBY,UPDATEBY,CREATEAT,UPDATEAT) VALUES (1,'MRSGR','MARRS GREEN KEYCAPS',15.0000,'Y','N',99.0000,0.0000,0.0000,0.0000,0.0000,0.0000,0.0000,0.0000,0.0000,0.0000,0.0000,15.0000,0.0000,15.0000,0.0000,15.0000,'Y','ADMIN','ADMIN','2024-02-29 00:13:44.813025','2024-02-29 00:13:44.813025');
INSERT INTO TBL_LIST_PRICE_ARTICLE (CODLISTPRICE,CODART,DESART,PRICE,MODPRICE,MODDESC,DESMAX,DESC01,DESC02,DESC03,DESC04,IMPIGV,IMPISC,IMPTRIBADD01,IMPTRIBADD02,IMPTRIBADD03,IMPTRIBADD04,IMPLISTPRICE,IMPDESCTOTAL,IMPSALEPRICE,IMPTRIBTOTAL,IMPTOTAL,STATUS,CREATEBY,UPDATEBY,CREATEAT,UPDATEAT) VALUES (1,'BLKSIL','BLACK AND SILVER KEYCAPS',45.0000,'Y','N',99.0000,0.0000,0.0000,0.0000,0.0000,0.0000,0.0000,0.0000,0.0000,0.0000,0.0000,45.0000,0.0000,45.0000,0.0000,45.0000,'Y','ADMIN','ADMIN','2024-02-29 00:13:44.813025','2024-02-29 00:13:44.813025');
INSERT INTO TBL_LIST_PRICE_ARTICLE (CODLISTPRICE,CODART,DESART,PRICE,MODPRICE,MODDESC,DESMAX,DESC01,DESC02,DESC03,DESC04,IMPIGV,IMPISC,IMPTRIBADD01,IMPTRIBADD02,IMPTRIBADD03,IMPTRIBADD04,IMPLISTPRICE,IMPDESCTOTAL,IMPSALEPRICE,IMPTRIBTOTAL,IMPTOTAL,STATUS,CREATEBY,UPDATEBY,CREATEAT,UPDATEAT) VALUES (1,'PLSH75','POLISH KEYSET - 75% KITTING',35.0000,'Y','N',99.0000,0.0000,0.0000,0.0000,0.0000,0.0000,0.0000,0.0000,0.0000,0.0000,0.0000,35.0000,0.0000,35.0000,0.0000,35.0000,'Y','ADMIN','ADMIN','2024-02-29 00:13:44.813025','2024-02-29 00:13:44.813025');
INSERT INTO TBL_LIST_PRICE_ARTICLE (CODLISTPRICE,CODART,DESART,PRICE,MODPRICE,MODDESC,DESMAX,DESC01,DESC02,DESC03,DESC04,IMPIGV,IMPISC,IMPTRIBADD01,IMPTRIBADD02,IMPTRIBADD03,IMPTRIBADD04,IMPLISTPRICE,IMPDESCTOTAL,IMPSALEPRICE,IMPTRIBTOTAL,IMPTOTAL,STATUS,CREATEBY,UPDATEBY,CREATEAT,UPDATEAT) VALUES (1,'BLRP75','BLURPLE KEYSET - 75% KITTING',40.0000,'Y','N',99.0000,0.0000,0.0000,0.0000,0.0000,0.0000,0.0000,0.0000,0.0000,0.0000,0.0000,40.0000,0.0000,40.0000,0.0000,40.0000,'Y','ADMIN','ADMIN','2024-02-29 00:13:44.813025','2024-02-29 00:13:44.813025');
INSERT INTO TBL_LIST_PRICE_ARTICLE (CODLISTPRICE,CODART,DESART,PRICE,MODPRICE,MODDESC,DESMAX,DESC01,DESC02,DESC03,DESC04,IMPIGV,IMPISC,IMPTRIBADD01,IMPTRIBADD02,IMPTRIBADD03,IMPTRIBADD04,IMPLISTPRICE,IMPDESCTOTAL,IMPSALEPRICE,IMPTRIBTOTAL,IMPTOTAL,STATUS,CREATEBY,UPDATEBY,CREATEAT,UPDATEAT) VALUES (1,'PT75SMK','FULLY ASSEMBLED PORTICO75 - SMOKE',32.0000,'N','N',99.0000,0.0000,0.0000,0.0000,0.0000,0.0000,0.0000,0.0000,0.0000,0.0000,0.0000,32.0000,0.0000,32.0000,0.0000,32.0000,'Y','ADMIN','ADMIN','2024-02-29 00:13:44.813025','2024-02-29 00:13:44.813025');
INSERT INTO TBL_LIST_PRICE_ARTICLE (CODLISTPRICE,CODART,DESART,PRICE,MODPRICE,MODDESC,DESMAX,DESC01,DESC02,DESC03,DESC04,IMPIGV,IMPISC,IMPTRIBADD01,IMPTRIBADD02,IMPTRIBADD03,IMPTRIBADD04,IMPLISTPRICE,IMPDESCTOTAL,IMPSALEPRICE,IMPTRIBTOTAL,IMPTOTAL,STATUS,CREATEBY,UPDATEBY,CREATEAT,UPDATEAT) VALUES (1,'PWK75','PURPLE ON WHITE KEYSET - 75% KITTING',18.0000,'Y','N',99.0000,0.0000,0.0000,0.0000,0.0000,0.0000,0.0000,0.0000,0.0000,0.0000,0.0000,18.0000,0.0000,18.0000,0.0000,18.0000,'Y','ADMIN','ADMIN','2024-02-29 00:13:44.814533','2024-02-29 00:13:44.814533');
INSERT INTO TBL_LIST_PRICE_ARTICLE (CODLISTPRICE,CODART,DESART,PRICE,MODPRICE,MODDESC,DESMAX,DESC01,DESC02,DESC03,DESC04,IMPIGV,IMPISC,IMPTRIBADD01,IMPTRIBADD02,IMPTRIBADD03,IMPTRIBADD04,IMPLISTPRICE,IMPDESCTOTAL,IMPSALEPRICE,IMPTRIBTOTAL,IMPTOTAL,STATUS,CREATEBY,UPDATEBY,CREATEAT,UPDATEAT) VALUES (1,'900975','9009 KEYSET - 75% KITTING',21.0000,'N','N',99.0000,0.0000,0.0000,0.0000,0.0000,0.0000,0.0000,0.0000,0.0000,0.0000,0.0000,21.0000,0.0000,21.0000,0.0000,21.0000,'Y','ADMIN','ADMIN','2024-02-29 00:13:44.814533','2024-02-29 00:13:44.814533');
INSERT INTO TBL_LIST_PRICE_ARTICLE (CODLISTPRICE,CODART,DESART,PRICE,MODPRICE,MODDESC,DESMAX,DESC01,DESC02,DESC03,DESC04,IMPIGV,IMPISC,IMPTRIBADD01,IMPTRIBADD02,IMPTRIBADD03,IMPTRIBADD04,IMPLISTPRICE,IMPDESCTOTAL,IMPSALEPRICE,IMPTRIBTOTAL,IMPTOTAL,STATUS,CREATEBY,UPDATEBY,CREATEAT,UPDATEAT) VALUES (1,'BOW75','BLUE ON WHITE KEYSETS - 75% KITTING',45.0000,'N','N',99.0000,0.0000,0.0000,0.0000,0.0000,0.0000,0.0000,0.0000,0.0000,0.0000,0.0000,45.0000,0.0000,45.0000,0.0000,45.0000,'Y','ADMIN','ADMIN','2024-02-29 00:13:44.814533','2024-02-29 00:13:44.814533');
INSERT INTO TBL_LIST_PRICE_ARTICLE (CODLISTPRICE,CODART,DESART,PRICE,MODPRICE,MODDESC,DESMAX,DESC01,DESC02,DESC03,DESC04,IMPIGV,IMPISC,IMPTRIBADD01,IMPTRIBADD02,IMPTRIBADD03,IMPTRIBADD04,IMPLISTPRICE,IMPDESCTOTAL,IMPSALEPRICE,IMPTRIBTOTAL,IMPTOTAL,STATUS,CREATEBY,UPDATEBY,CREATEAT,UPDATEAT) VALUES (1,'CNKSET','CABERNET NOIR KEYSET',69.0000,'Y','N',99.0000,0.0000,0.0000,0.0000,0.0000,0.0000,0.0000,0.0000,0.0000,0.0000,0.0000,69.0000,0.0000,69.0000,0.0000,69.0000,'Y','ADMIN','ADMIN','2024-02-29 00:13:44.815546','2024-02-29 00:13:44.815546');
INSERT INTO TBL_LIST_PRICE_ARTICLE (CODLISTPRICE,CODART,DESART,PRICE,MODPRICE,MODDESC,DESMAX,DESC01,DESC02,DESC03,DESC04,IMPIGV,IMPISC,IMPTRIBADD01,IMPTRIBADD02,IMPTRIBADD03,IMPTRIBADD04,IMPLISTPRICE,IMPDESCTOTAL,IMPSALEPRICE,IMPTRIBTOTAL,IMPTOTAL,STATUS,CREATEBY,UPDATEBY,CREATEAT,UPDATEAT) VALUES (1,'EPBT-OGK','EPBT DOUBLESHOT ABS CHERRY KEYCAPS - ORANGE ON GREY',45.0000,'N','N',99.0000,0.0000,0.0000,0.0000,0.0000,0.0000,0.0000,0.0000,0.0000,0.0000,0.0000,45.0000,0.0000,45.0000,0.0000,45.0000,'Y','ADMIN','ADMIN','2024-02-29 00:13:44.815546','2024-02-29 00:13:44.815546');
INSERT INTO TBL_LIST_PRICE_ARTICLE (CODLISTPRICE,CODART,DESART,PRICE,MODPRICE,MODDESC,DESMAX,DESC01,DESC02,DESC03,DESC04,IMPIGV,IMPISC,IMPTRIBADD01,IMPTRIBADD02,IMPTRIBADD03,IMPTRIBADD04,IMPLISTPRICE,IMPDESCTOTAL,IMPSALEPRICE,IMPTRIBTOTAL,IMPTOTAL,STATUS,CREATEBY,UPDATEBY,CREATEAT,UPDATEAT) VALUES (1,'EPBT-SDL','EPBT DOUBLESHOT ABS CHERRY KEYCAPS - SKY DOLCH',28.0000,'N','N',99.0000,0.0000,0.0000,0.0000,0.0000,0.0000,0.0000,0.0000,0.0000,0.0000,0.0000,28.0000,0.0000,28.0000,0.0000,28.0000,'Y','ADMIN','ADMIN','2024-02-29 00:13:44.815546','2024-02-29 00:13:44.815546');
INSERT INTO TBL_LIST_PRICE_ARTICLE (CODLISTPRICE,CODART,DESART,PRICE,MODPRICE,MODDESC,DESMAX,DESC01,DESC02,DESC03,DESC04,IMPIGV,IMPISC,IMPTRIBADD01,IMPTRIBADD02,IMPTRIBADD03,IMPTRIBADD04,IMPLISTPRICE,IMPDESCTOTAL,IMPSALEPRICE,IMPTRIBTOTAL,IMPTOTAL,STATUS,CREATEBY,UPDATEBY,CREATEAT,UPDATEAT) VALUES (1,'EPBT-DOL','EPBT DOUBLESHOT ABS CHERRY KEYCAPS - DOLCH',36.0000,'Y','N',99.0000,0.0000,0.0000,0.0000,0.0000,0.0000,0.0000,0.0000,0.0000,0.0000,0.0000,36.0000,0.0000,36.0000,0.0000,36.0000,'Y','ADMIN','ADMIN','2024-02-29 00:13:44.815546','2024-02-29 00:13:44.815546');
INSERT INTO TBL_LIST_PRICE_ARTICLE (CODLISTPRICE,CODART,DESART,PRICE,MODPRICE,MODDESC,DESMAX,DESC01,DESC02,DESC03,DESC04,IMPIGV,IMPISC,IMPTRIBADD01,IMPTRIBADD02,IMPTRIBADD03,IMPTRIBADD04,IMPLISTPRICE,IMPDESCTOTAL,IMPSALEPRICE,IMPTRIBTOTAL,IMPTOTAL,STATUS,CREATEBY,UPDATEBY,CREATEAT,UPDATEAT) VALUES (1,'EPBT-WOB','EPBT DOUBLESHOT ABS CHERRY KEYCAPS - WOB',47.0000,'N','N',99.0000,0.0000,0.0000,0.0000,0.0000,0.0000,0.0000,0.0000,0.0000,0.0000,0.0000,47.0000,0.0000,47.0000,0.0000,47.0000,'Y','ADMIN','ADMIN','2024-02-29 00:13:44.815546','2024-02-29 00:13:44.815546');
INSERT INTO TBL_LIST_PRICE_ARTICLE (CODLISTPRICE,CODART,DESART,PRICE,MODPRICE,MODDESC,DESMAX,DESC01,DESC02,DESC03,DESC04,IMPIGV,IMPISC,IMPTRIBADD01,IMPTRIBADD02,IMPTRIBADD03,IMPTRIBADD04,IMPLISTPRICE,IMPDESCTOTAL,IMPSALEPRICE,IMPTRIBTOTAL,IMPTOTAL,STATUS,CREATEBY,UPDATEBY,CREATEAT,UPDATEAT) VALUES (1,'ACC-MNT','MINT ACCENT KIT',42.0000,'Y','N',99.0000,0.0000,0.0000,0.0000,0.0000,0.0000,0.0000,0.0000,0.0000,0.0000,0.0000,42.0000,0.0000,42.0000,0.0000,42.0000,'Y','ADMIN','ADMIN','2024-02-29 00:13:44.815546','2024-02-29 00:13:44.815546');
INSERT INTO TBL_LIST_PRICE_ARTICLE (CODLISTPRICE,CODART,DESART,PRICE,MODPRICE,MODDESC,DESMAX,DESC01,DESC02,DESC03,DESC04,IMPIGV,IMPISC,IMPTRIBADD01,IMPTRIBADD02,IMPTRIBADD03,IMPTRIBADD04,IMPLISTPRICE,IMPDESCTOTAL,IMPSALEPRICE,IMPTRIBTOTAL,IMPTOTAL,STATUS,CREATEBY,UPDATEBY,CREATEAT,UPDATEAT) VALUES (1,'KSET-BP','BLACK & PURPLE KEYSET',15.0000,'N','N',99.0000,0.0000,0.0000,0.0000,0.0000,0.0000,0.0000,0.0000,0.0000,0.0000,0.0000,15.0000,0.0000,15.0000,0.0000,15.0000,'Y','ADMIN','ADMIN','2024-02-29 00:13:44.816543','2024-02-29 00:13:44.816543');
INSERT INTO TBL_LIST_PRICE_ARTICLE (CODLISTPRICE,CODART,DESART,PRICE,MODPRICE,MODDESC,DESMAX,DESC01,DESC02,DESC03,DESC04,IMPIGV,IMPISC,IMPTRIBADD01,IMPTRIBADD02,IMPTRIBADD03,IMPTRIBADD04,IMPLISTPRICE,IMPDESCTOTAL,IMPSALEPRICE,IMPTRIBTOTAL,IMPTOTAL,STATUS,CREATEBY,UPDATEBY,CREATEAT,UPDATEAT) VALUES (1,'KSET-BRD','BRED KEYSET',17.0000,'N','N',99.0000,0.0000,0.0000,0.0000,0.0000,0.0000,0.0000,0.0000,0.0000,0.0000,0.0000,17.0000,0.0000,17.0000,0.0000,17.0000,'Y','ADMIN','ADMIN','2024-02-29 00:13:44.816543','2024-02-29 00:13:44.816543');
INSERT INTO TBL_LIST_PRICE_ARTICLE (CODLISTPRICE,CODART,DESART,PRICE,MODPRICE,MODDESC,DESMAX,DESC01,DESC02,DESC03,DESC04,IMPIGV,IMPISC,IMPTRIBADD01,IMPTRIBADD02,IMPTRIBADD03,IMPTRIBADD04,IMPLISTPRICE,IMPDESCTOTAL,IMPSALEPRICE,IMPTRIBTOTAL,IMPTOTAL,STATUS,CREATEBY,UPDATEBY,CREATEAT,UPDATEAT) VALUES (1,'KSET-WOB','WHITE-ON-BLACK KEYSET',98.0000,'N','N',99.0000,0.0000,0.0000,0.0000,0.0000,0.0000,0.0000,0.0000,0.0000,0.0000,0.0000,98.0000,0.0000,98.0000,0.0000,98.0000,'Y','ADMIN','ADMIN','2024-02-29 00:13:44.816543','2024-02-29 00:13:44.816543');
INSERT INTO TBL_LIST_PRICE_ARTICLE (CODLISTPRICE,CODART,DESART,PRICE,MODPRICE,MODDESC,DESMAX,DESC01,DESC02,DESC03,DESC04,IMPIGV,IMPISC,IMPTRIBADD01,IMPTRIBADD02,IMPTRIBADD03,IMPTRIBADD04,IMPLISTPRICE,IMPDESCTOTAL,IMPSALEPRICE,IMPTRIBTOTAL,IMPTOTAL,STATUS,CREATEBY,UPDATEBY,CREATEAT,UPDATEAT) VALUES (1,'WBLOCK','WRITER S BLOCK',150.0000,'Y','N',99.0000,0.0000,0.0000,0.0000,0.0000,0.0000,0.0000,0.0000,0.0000,0.0000,0.0000,150.0000,0.0000,150.0000,0.0000,150.0000,'Y','ADMIN','ADMIN','2024-02-29 00:13:44.816543','2024-02-29 00:13:44.816543');
INSERT INTO TBL_LIST_PRICE_ARTICLE (CODLISTPRICE,CODART,DESART,PRICE,MODPRICE,MODDESC,DESMAX,DESC01,DESC02,DESC03,DESC04,IMPIGV,IMPISC,IMPTRIBADD01,IMPTRIBADD02,IMPTRIBADD03,IMPTRIBADD04,IMPLISTPRICE,IMPDESCTOTAL,IMPSALEPRICE,IMPTRIBTOTAL,IMPTOTAL,STATUS,CREATEBY,UPDATEBY,CREATEAT,UPDATEAT) VALUES (1,'POLSH','POLISH',178.0000,'N','N',99.0000,0.0000,0.0000,0.0000,0.0000,0.0000,0.0000,0.0000,0.0000,0.0000,0.0000,178.0000,0.0000,178.0000,0.0000,178.0000,'Y','ADMIN','ADMIN','2024-02-29 00:13:44.816543','2024-02-29 00:13:44.816543');
INSERT INTO TBL_LIST_PRICE_ARTICLE (CODLISTPRICE,CODART,DESART,PRICE,MODPRICE,MODDESC,DESMAX,DESC01,DESC02,DESC03,DESC04,IMPIGV,IMPISC,IMPTRIBADD01,IMPTRIBADD02,IMPTRIBADD03,IMPTRIBADD04,IMPLISTPRICE,IMPDESCTOTAL,IMPSALEPRICE,IMPTRIBTOTAL,IMPTOTAL,STATUS,CREATEBY,UPDATEBY,CREATEAT,UPDATEAT) VALUES (1,'MONO1','MONOCHROME KEYSET',106.0000,'Y','N',99.0000,0.0000,0.0000,0.0000,0.0000,0.0000,0.0000,0.0000,0.0000,0.0000,0.0000,106.0000,0.0000,106.0000,0.0000,106.0000,'Y','ADMIN','ADMIN','2024-02-29 00:13:44.81754','2024-02-29 00:13:44.81754');
INSERT INTO TBL_LIST_PRICE_ARTICLE (CODLISTPRICE,CODART,DESART,PRICE,MODPRICE,MODDESC,DESMAX,DESC01,DESC02,DESC03,DESC04,IMPIGV,IMPISC,IMPTRIBADD01,IMPTRIBADD02,IMPTRIBADD03,IMPTRIBADD04,IMPLISTPRICE,IMPDESCTOTAL,IMPSALEPRICE,IMPTRIBTOTAL,IMPTOTAL,STATUS,CREATEBY,UPDATEBY,CREATEAT,UPDATEAT) VALUES (1,'MSHMW1','MARSHMALLOW KEYSET',154.0000,'N','N',99.0000,0.0000,0.0000,0.0000,0.0000,0.0000,0.0000,0.0000,0.0000,0.0000,0.0000,154.0000,0.0000,154.0000,0.0000,154.0000,'Y','ADMIN','ADMIN','2024-02-29 00:13:44.81754','2024-02-29 00:13:44.81754');
INSERT INTO TBL_LIST_PRICE_ARTICLE (CODLISTPRICE,CODART,DESART,PRICE,MODPRICE,MODDESC,DESMAX,DESC01,DESC02,DESC03,DESC04,IMPIGV,IMPISC,IMPTRIBADD01,IMPTRIBADD02,IMPTRIBADD03,IMPTRIBADD04,IMPLISTPRICE,IMPDESCTOTAL,IMPSALEPRICE,IMPTRIBTOTAL,IMPTOTAL,STATUS,CREATEBY,UPDATEBY,CREATEAT,UPDATEAT) VALUES (1,'KYRBL1','KEYREATIVE BLANK KEYSET',99.0000,'N','N',99.0000,0.0000,0.0000,0.0000,0.0000,0.0000,0.0000,0.0000,0.0000,0.0000,0.0000,99.0000,0.0000,99.0000,0.0000,99.0000,'Y','ADMIN','ADMIN','2024-02-29 00:13:44.81754','2024-02-29 00:13:44.81754');

INSERT INTO TBL_LIST_PRICE_ARTICLE (CODLISTPRICE,CODART,DESART,PRICE,MODPRICE,MODDESC,DESMAX,DESC01,DESC02,DESC03,DESC04,IMPIGV,IMPISC,IMPTRIBADD01,IMPTRIBADD02,IMPTRIBADD03,IMPTRIBADD04,IMPLISTPRICE,IMPDESCTOTAL,IMPSALEPRICE,IMPTRIBTOTAL,IMPTOTAL,STATUS,CREATEBY,UPDATEBY,CREATEAT,UPDATEAT) VALUES (2,'OSAHG','OSA HERB GARDEN KEYCAPS',125.0000,'N','N',99.0000,0.0000,0.0000,0.0000,0.0000,0.0000,0.0000,0.0000,0.0000,0.0000,0.0000,125.0000,0.0000,125.0000,0.0000,125.0000,'Y','ADMIN','ADMIN','2024-02-29 00:13:44.812027','2024-02-29 00:13:44.812027');
INSERT INTO TBL_LIST_PRICE_ARTICLE (CODLISTPRICE,CODART,DESART,PRICE,MODPRICE,MODDESC,DESMAX,DESC01,DESC02,DESC03,DESC04,IMPIGV,IMPISC,IMPTRIBADD01,IMPTRIBADD02,IMPTRIBADD03,IMPTRIBADD04,IMPLISTPRICE,IMPDESCTOTAL,IMPSALEPRICE,IMPTRIBTOTAL,IMPTOTAL,STATUS,CREATEBY,UPDATEBY,CREATEAT,UPDATEAT) VALUES (2,'BPKDC','BLACK AND PINK - THE DANCER KEYCAPS',10.0000,'Y','N',99.0000,0.0000,0.0000,0.0000,0.0000,0.0000,0.0000,0.0000,0.0000,0.0000,0.0000,10.0000,0.0000,10.0000,0.0000,10.0000,'Y','ADMIN','ADMIN','2024-02-29 00:13:44.812027','2024-02-29 00:13:44.812027');
INSERT INTO TBL_LIST_PRICE_ARTICLE (CODLISTPRICE,CODART,DESART,PRICE,MODPRICE,MODDESC,DESMAX,DESC01,DESC02,DESC03,DESC04,IMPIGV,IMPISC,IMPTRIBADD01,IMPTRIBADD02,IMPTRIBADD03,IMPTRIBADD04,IMPLISTPRICE,IMPDESCTOTAL,IMPSALEPRICE,IMPTRIBTOTAL,IMPTOTAL,STATUS,CREATEBY,UPDATEBY,CREATEAT,UPDATEAT) VALUES (2,'MRSGR','MARRS GREEN KEYCAPS',15.0000,'Y','N',99.0000,0.0000,0.0000,0.0000,0.0000,0.0000,0.0000,0.0000,0.0000,0.0000,0.0000,15.0000,0.0000,15.0000,0.0000,15.0000,'Y','ADMIN','ADMIN','2024-02-29 00:13:44.813025','2024-02-29 00:13:44.813025');
INSERT INTO TBL_LIST_PRICE_ARTICLE (CODLISTPRICE,CODART,DESART,PRICE,MODPRICE,MODDESC,DESMAX,DESC01,DESC02,DESC03,DESC04,IMPIGV,IMPISC,IMPTRIBADD01,IMPTRIBADD02,IMPTRIBADD03,IMPTRIBADD04,IMPLISTPRICE,IMPDESCTOTAL,IMPSALEPRICE,IMPTRIBTOTAL,IMPTOTAL,STATUS,CREATEBY,UPDATEBY,CREATEAT,UPDATEAT) VALUES (2,'BLKSIL','BLACK AND SILVER KEYCAPS',45.0000,'Y','N',99.0000,0.0000,0.0000,0.0000,0.0000,0.0000,0.0000,0.0000,0.0000,0.0000,0.0000,45.0000,0.0000,45.0000,0.0000,45.0000,'Y','ADMIN','ADMIN','2024-02-29 00:13:44.813025','2024-02-29 00:13:44.813025');
INSERT INTO TBL_LIST_PRICE_ARTICLE (CODLISTPRICE,CODART,DESART,PRICE,MODPRICE,MODDESC,DESMAX,DESC01,DESC02,DESC03,DESC04,IMPIGV,IMPISC,IMPTRIBADD01,IMPTRIBADD02,IMPTRIBADD03,IMPTRIBADD04,IMPLISTPRICE,IMPDESCTOTAL,IMPSALEPRICE,IMPTRIBTOTAL,IMPTOTAL,STATUS,CREATEBY,UPDATEBY,CREATEAT,UPDATEAT) VALUES (2,'PLSH75','POLISH KEYSET - 75% KITTING',35.0000,'Y','N',99.0000,0.0000,0.0000,0.0000,0.0000,0.0000,0.0000,0.0000,0.0000,0.0000,0.0000,35.0000,0.0000,35.0000,0.0000,35.0000,'Y','ADMIN','ADMIN','2024-02-29 00:13:44.813025','2024-02-29 00:13:44.813025');
INSERT INTO TBL_LIST_PRICE_ARTICLE (CODLISTPRICE,CODART,DESART,PRICE,MODPRICE,MODDESC,DESMAX,DESC01,DESC02,DESC03,DESC04,IMPIGV,IMPISC,IMPTRIBADD01,IMPTRIBADD02,IMPTRIBADD03,IMPTRIBADD04,IMPLISTPRICE,IMPDESCTOTAL,IMPSALEPRICE,IMPTRIBTOTAL,IMPTOTAL,STATUS,CREATEBY,UPDATEBY,CREATEAT,UPDATEAT) VALUES (2,'BLRP75','BLURPLE KEYSET - 75% KITTING',40.0000,'Y','N',99.0000,0.0000,0.0000,0.0000,0.0000,0.0000,0.0000,0.0000,0.0000,0.0000,0.0000,40.0000,0.0000,40.0000,0.0000,40.0000,'Y','ADMIN','ADMIN','2024-02-29 00:13:44.813025','2024-02-29 00:13:44.813025');
INSERT INTO TBL_LIST_PRICE_ARTICLE (CODLISTPRICE,CODART,DESART,PRICE,MODPRICE,MODDESC,DESMAX,DESC01,DESC02,DESC03,DESC04,IMPIGV,IMPISC,IMPTRIBADD01,IMPTRIBADD02,IMPTRIBADD03,IMPTRIBADD04,IMPLISTPRICE,IMPDESCTOTAL,IMPSALEPRICE,IMPTRIBTOTAL,IMPTOTAL,STATUS,CREATEBY,UPDATEBY,CREATEAT,UPDATEAT) VALUES (2,'PT75SMK','FULLY ASSEMBLED PORTICO75 - SMOKE',32.0000,'N','N',99.0000,0.0000,0.0000,0.0000,0.0000,0.0000,0.0000,0.0000,0.0000,0.0000,0.0000,32.0000,0.0000,32.0000,0.0000,32.0000,'Y','ADMIN','ADMIN','2024-02-29 00:13:44.813025','2024-02-29 00:13:44.813025');
INSERT INTO TBL_LIST_PRICE_ARTICLE (CODLISTPRICE,CODART,DESART,PRICE,MODPRICE,MODDESC,DESMAX,DESC01,DESC02,DESC03,DESC04,IMPIGV,IMPISC,IMPTRIBADD01,IMPTRIBADD02,IMPTRIBADD03,IMPTRIBADD04,IMPLISTPRICE,IMPDESCTOTAL,IMPSALEPRICE,IMPTRIBTOTAL,IMPTOTAL,STATUS,CREATEBY,UPDATEBY,CREATEAT,UPDATEAT) VALUES (2,'PWK75','PURPLE ON WHITE KEYSET - 75% KITTING',18.0000,'Y','N',99.0000,0.0000,0.0000,0.0000,0.0000,0.0000,0.0000,0.0000,0.0000,0.0000,0.0000,18.0000,0.0000,18.0000,0.0000,18.0000,'Y','ADMIN','ADMIN','2024-02-29 00:13:44.814533','2024-02-29 00:13:44.814533');
INSERT INTO TBL_LIST_PRICE_ARTICLE (CODLISTPRICE,CODART,DESART,PRICE,MODPRICE,MODDESC,DESMAX,DESC01,DESC02,DESC03,DESC04,IMPIGV,IMPISC,IMPTRIBADD01,IMPTRIBADD02,IMPTRIBADD03,IMPTRIBADD04,IMPLISTPRICE,IMPDESCTOTAL,IMPSALEPRICE,IMPTRIBTOTAL,IMPTOTAL,STATUS,CREATEBY,UPDATEBY,CREATEAT,UPDATEAT) VALUES (2,'900975','9009 KEYSET - 75% KITTING',21.0000,'N','N',99.0000,0.0000,0.0000,0.0000,0.0000,0.0000,0.0000,0.0000,0.0000,0.0000,0.0000,21.0000,0.0000,21.0000,0.0000,21.0000,'Y','ADMIN','ADMIN','2024-02-29 00:13:44.814533','2024-02-29 00:13:44.814533');
INSERT INTO TBL_LIST_PRICE_ARTICLE (CODLISTPRICE,CODART,DESART,PRICE,MODPRICE,MODDESC,DESMAX,DESC01,DESC02,DESC03,DESC04,IMPIGV,IMPISC,IMPTRIBADD01,IMPTRIBADD02,IMPTRIBADD03,IMPTRIBADD04,IMPLISTPRICE,IMPDESCTOTAL,IMPSALEPRICE,IMPTRIBTOTAL,IMPTOTAL,STATUS,CREATEBY,UPDATEBY,CREATEAT,UPDATEAT) VALUES (2,'BOW75','BLUE ON WHITE KEYSETS - 75% KITTING',45.0000,'N','N',99.0000,0.0000,0.0000,0.0000,0.0000,0.0000,0.0000,0.0000,0.0000,0.0000,0.0000,45.0000,0.0000,45.0000,0.0000,45.0000,'Y','ADMIN','ADMIN','2024-02-29 00:13:44.814533','2024-02-29 00:13:44.814533');
INSERT INTO TBL_LIST_PRICE_ARTICLE (CODLISTPRICE,CODART,DESART,PRICE,MODPRICE,MODDESC,DESMAX,DESC01,DESC02,DESC03,DESC04,IMPIGV,IMPISC,IMPTRIBADD01,IMPTRIBADD02,IMPTRIBADD03,IMPTRIBADD04,IMPLISTPRICE,IMPDESCTOTAL,IMPSALEPRICE,IMPTRIBTOTAL,IMPTOTAL,STATUS,CREATEBY,UPDATEBY,CREATEAT,UPDATEAT) VALUES (2,'CNKSET','CABERNET NOIR KEYSET',69.0000,'Y','N',99.0000,0.0000,0.0000,0.0000,0.0000,0.0000,0.0000,0.0000,0.0000,0.0000,0.0000,69.0000,0.0000,69.0000,0.0000,69.0000,'Y','ADMIN','ADMIN','2024-02-29 00:13:44.815546','2024-02-29 00:13:44.815546');
INSERT INTO TBL_LIST_PRICE_ARTICLE (CODLISTPRICE,CODART,DESART,PRICE,MODPRICE,MODDESC,DESMAX,DESC01,DESC02,DESC03,DESC04,IMPIGV,IMPISC,IMPTRIBADD01,IMPTRIBADD02,IMPTRIBADD03,IMPTRIBADD04,IMPLISTPRICE,IMPDESCTOTAL,IMPSALEPRICE,IMPTRIBTOTAL,IMPTOTAL,STATUS,CREATEBY,UPDATEBY,CREATEAT,UPDATEAT) VALUES (2,'EPBT-OGK','EPBT DOUBLESHOT ABS CHERRY KEYCAPS - ORANGE ON GREY',45.0000,'N','N',99.0000,0.0000,0.0000,0.0000,0.0000,0.0000,0.0000,0.0000,0.0000,0.0000,0.0000,45.0000,0.0000,45.0000,0.0000,45.0000,'Y','ADMIN','ADMIN','2024-02-29 00:13:44.815546','2024-02-29 00:13:44.815546');
INSERT INTO TBL_LIST_PRICE_ARTICLE (CODLISTPRICE,CODART,DESART,PRICE,MODPRICE,MODDESC,DESMAX,DESC01,DESC02,DESC03,DESC04,IMPIGV,IMPISC,IMPTRIBADD01,IMPTRIBADD02,IMPTRIBADD03,IMPTRIBADD04,IMPLISTPRICE,IMPDESCTOTAL,IMPSALEPRICE,IMPTRIBTOTAL,IMPTOTAL,STATUS,CREATEBY,UPDATEBY,CREATEAT,UPDATEAT) VALUES (2,'EPBT-SDL','EPBT DOUBLESHOT ABS CHERRY KEYCAPS - SKY DOLCH',28.0000,'N','N',99.0000,0.0000,0.0000,0.0000,0.0000,0.0000,0.0000,0.0000,0.0000,0.0000,0.0000,28.0000,0.0000,28.0000,0.0000,28.0000,'Y','ADMIN','ADMIN','2024-02-29 00:13:44.815546','2024-02-29 00:13:44.815546');
INSERT INTO TBL_LIST_PRICE_ARTICLE (CODLISTPRICE,CODART,DESART,PRICE,MODPRICE,MODDESC,DESMAX,DESC01,DESC02,DESC03,DESC04,IMPIGV,IMPISC,IMPTRIBADD01,IMPTRIBADD02,IMPTRIBADD03,IMPTRIBADD04,IMPLISTPRICE,IMPDESCTOTAL,IMPSALEPRICE,IMPTRIBTOTAL,IMPTOTAL,STATUS,CREATEBY,UPDATEBY,CREATEAT,UPDATEAT) VALUES (2,'EPBT-DOL','EPBT DOUBLESHOT ABS CHERRY KEYCAPS - DOLCH',36.0000,'Y','N',99.0000,0.0000,0.0000,0.0000,0.0000,0.0000,0.0000,0.0000,0.0000,0.0000,0.0000,36.0000,0.0000,36.0000,0.0000,36.0000,'Y','ADMIN','ADMIN','2024-02-29 00:13:44.815546','2024-02-29 00:13:44.815546');
INSERT INTO TBL_LIST_PRICE_ARTICLE (CODLISTPRICE,CODART,DESART,PRICE,MODPRICE,MODDESC,DESMAX,DESC01,DESC02,DESC03,DESC04,IMPIGV,IMPISC,IMPTRIBADD01,IMPTRIBADD02,IMPTRIBADD03,IMPTRIBADD04,IMPLISTPRICE,IMPDESCTOTAL,IMPSALEPRICE,IMPTRIBTOTAL,IMPTOTAL,STATUS,CREATEBY,UPDATEBY,CREATEAT,UPDATEAT) VALUES (2,'EPBT-WOB','EPBT DOUBLESHOT ABS CHERRY KEYCAPS - WOB',47.0000,'N','N',99.0000,0.0000,0.0000,0.0000,0.0000,0.0000,0.0000,0.0000,0.0000,0.0000,0.0000,47.0000,0.0000,47.0000,0.0000,47.0000,'Y','ADMIN','ADMIN','2024-02-29 00:13:44.815546','2024-02-29 00:13:44.815546');
INSERT INTO TBL_LIST_PRICE_ARTICLE (CODLISTPRICE,CODART,DESART,PRICE,MODPRICE,MODDESC,DESMAX,DESC01,DESC02,DESC03,DESC04,IMPIGV,IMPISC,IMPTRIBADD01,IMPTRIBADD02,IMPTRIBADD03,IMPTRIBADD04,IMPLISTPRICE,IMPDESCTOTAL,IMPSALEPRICE,IMPTRIBTOTAL,IMPTOTAL,STATUS,CREATEBY,UPDATEBY,CREATEAT,UPDATEAT) VALUES (2,'ACC-MNT','MINT ACCENT KIT',42.0000,'Y','N',99.0000,0.0000,0.0000,0.0000,0.0000,0.0000,0.0000,0.0000,0.0000,0.0000,0.0000,42.0000,0.0000,42.0000,0.0000,42.0000,'Y','ADMIN','ADMIN','2024-02-29 00:13:44.815546','2024-02-29 00:13:44.815546');
INSERT INTO TBL_LIST_PRICE_ARTICLE (CODLISTPRICE,CODART,DESART,PRICE,MODPRICE,MODDESC,DESMAX,DESC01,DESC02,DESC03,DESC04,IMPIGV,IMPISC,IMPTRIBADD01,IMPTRIBADD02,IMPTRIBADD03,IMPTRIBADD04,IMPLISTPRICE,IMPDESCTOTAL,IMPSALEPRICE,IMPTRIBTOTAL,IMPTOTAL,STATUS,CREATEBY,UPDATEBY,CREATEAT,UPDATEAT) VALUES (2,'KSET-BP','BLACK & PURPLE KEYSET',15.0000,'N','N',99.0000,0.0000,0.0000,0.0000,0.0000,0.0000,0.0000,0.0000,0.0000,0.0000,0.0000,15.0000,0.0000,15.0000,0.0000,15.0000,'Y','ADMIN','ADMIN','2024-02-29 00:13:44.816543','2024-02-29 00:13:44.816543');
INSERT INTO TBL_LIST_PRICE_ARTICLE (CODLISTPRICE,CODART,DESART,PRICE,MODPRICE,MODDESC,DESMAX,DESC01,DESC02,DESC03,DESC04,IMPIGV,IMPISC,IMPTRIBADD01,IMPTRIBADD02,IMPTRIBADD03,IMPTRIBADD04,IMPLISTPRICE,IMPDESCTOTAL,IMPSALEPRICE,IMPTRIBTOTAL,IMPTOTAL,STATUS,CREATEBY,UPDATEBY,CREATEAT,UPDATEAT) VALUES (2,'KSET-BRD','BRED KEYSET',17.0000,'N','N',99.0000,0.0000,0.0000,0.0000,0.0000,0.0000,0.0000,0.0000,0.0000,0.0000,0.0000,17.0000,0.0000,17.0000,0.0000,17.0000,'Y','ADMIN','ADMIN','2024-02-29 00:13:44.816543','2024-02-29 00:13:44.816543');
INSERT INTO TBL_LIST_PRICE_ARTICLE (CODLISTPRICE,CODART,DESART,PRICE,MODPRICE,MODDESC,DESMAX,DESC01,DESC02,DESC03,DESC04,IMPIGV,IMPISC,IMPTRIBADD01,IMPTRIBADD02,IMPTRIBADD03,IMPTRIBADD04,IMPLISTPRICE,IMPDESCTOTAL,IMPSALEPRICE,IMPTRIBTOTAL,IMPTOTAL,STATUS,CREATEBY,UPDATEBY,CREATEAT,UPDATEAT) VALUES (2,'KSET-WOB','WHITE-ON-BLACK KEYSET',98.0000,'N','N',99.0000,0.0000,0.0000,0.0000,0.0000,0.0000,0.0000,0.0000,0.0000,0.0000,0.0000,98.0000,0.0000,98.0000,0.0000,98.0000,'Y','ADMIN','ADMIN','2024-02-29 00:13:44.816543','2024-02-29 00:13:44.816543');
INSERT INTO TBL_LIST_PRICE_ARTICLE (CODLISTPRICE,CODART,DESART,PRICE,MODPRICE,MODDESC,DESMAX,DESC01,DESC02,DESC03,DESC04,IMPIGV,IMPISC,IMPTRIBADD01,IMPTRIBADD02,IMPTRIBADD03,IMPTRIBADD04,IMPLISTPRICE,IMPDESCTOTAL,IMPSALEPRICE,IMPTRIBTOTAL,IMPTOTAL,STATUS,CREATEBY,UPDATEBY,CREATEAT,UPDATEAT) VALUES (2,'WBLOCK','WRITER S BLOCK',150.0000,'Y','N',99.0000,0.0000,0.0000,0.0000,0.0000,0.0000,0.0000,0.0000,0.0000,0.0000,0.0000,150.0000,0.0000,150.0000,0.0000,150.0000,'Y','ADMIN','ADMIN','2024-02-29 00:13:44.816543','2024-02-29 00:13:44.816543');
INSERT INTO TBL_LIST_PRICE_ARTICLE (CODLISTPRICE,CODART,DESART,PRICE,MODPRICE,MODDESC,DESMAX,DESC01,DESC02,DESC03,DESC04,IMPIGV,IMPISC,IMPTRIBADD01,IMPTRIBADD02,IMPTRIBADD03,IMPTRIBADD04,IMPLISTPRICE,IMPDESCTOTAL,IMPSALEPRICE,IMPTRIBTOTAL,IMPTOTAL,STATUS,CREATEBY,UPDATEBY,CREATEAT,UPDATEAT) VALUES (2,'POLSH','POLISH',178.0000,'N','N',99.0000,0.0000,0.0000,0.0000,0.0000,0.0000,0.0000,0.0000,0.0000,0.0000,0.0000,178.0000,0.0000,178.0000,0.0000,178.0000,'Y','ADMIN','ADMIN','2024-02-29 00:13:44.816543','2024-02-29 00:13:44.816543');
INSERT INTO TBL_LIST_PRICE_ARTICLE (CODLISTPRICE,CODART,DESART,PRICE,MODPRICE,MODDESC,DESMAX,DESC01,DESC02,DESC03,DESC04,IMPIGV,IMPISC,IMPTRIBADD01,IMPTRIBADD02,IMPTRIBADD03,IMPTRIBADD04,IMPLISTPRICE,IMPDESCTOTAL,IMPSALEPRICE,IMPTRIBTOTAL,IMPTOTAL,STATUS,CREATEBY,UPDATEBY,CREATEAT,UPDATEAT) VALUES (2,'MONO1','MONOCHROME KEYSET',106.0000,'Y','N',99.0000,0.0000,0.0000,0.0000,0.0000,0.0000,0.0000,0.0000,0.0000,0.0000,0.0000,106.0000,0.0000,106.0000,0.0000,106.0000,'Y','ADMIN','ADMIN','2024-02-29 00:13:44.81754','2024-02-29 00:13:44.81754');
INSERT INTO TBL_LIST_PRICE_ARTICLE (CODLISTPRICE,CODART,DESART,PRICE,MODPRICE,MODDESC,DESMAX,DESC01,DESC02,DESC03,DESC04,IMPIGV,IMPISC,IMPTRIBADD01,IMPTRIBADD02,IMPTRIBADD03,IMPTRIBADD04,IMPLISTPRICE,IMPDESCTOTAL,IMPSALEPRICE,IMPTRIBTOTAL,IMPTOTAL,STATUS,CREATEBY,UPDATEBY,CREATEAT,UPDATEAT) VALUES (2,'MSHMW1','MARSHMALLOW KEYSET',154.0000,'N','N',99.0000,0.0000,0.0000,0.0000,0.0000,0.0000,0.0000,0.0000,0.0000,0.0000,0.0000,154.0000,0.0000,154.0000,0.0000,154.0000,'Y','ADMIN','ADMIN','2024-02-29 00:13:44.81754','2024-02-29 00:13:44.81754');
INSERT INTO TBL_LIST_PRICE_ARTICLE (CODLISTPRICE,CODART,DESART,PRICE,MODPRICE,MODDESC,DESMAX,DESC01,DESC02,DESC03,DESC04,IMPIGV,IMPISC,IMPTRIBADD01,IMPTRIBADD02,IMPTRIBADD03,IMPTRIBADD04,IMPLISTPRICE,IMPDESCTOTAL,IMPSALEPRICE,IMPTRIBTOTAL,IMPTOTAL,STATUS,CREATEBY,UPDATEBY,CREATEAT,UPDATEAT) VALUES (2,'KYRBL1','KEYREATIVE BLANK KEYSET',99.0000,'N','N',99.0000,0.0000,0.0000,0.0000,0.0000,0.0000,0.0000,0.0000,0.0000,0.0000,0.0000,99.0000,0.0000,99.0000,0.0000,99.0000,'Y','ADMIN','ADMIN','2024-02-29 00:13:44.81754','2024-02-29 00:13:44.81754');

DROP TABLE IF EXISTS TBL_ECOMMERCE_SECCION;

CREATE TABLE TBL_ECOMMERCE_SECCION(
	SECCION INTEGER,
	ADDTAG INTEGER,
	ABREVI VARCHAR(10),
	DESCRI VARCHAR(250)
);

ALTER TABLE TBL_ECOMMERCE_SECCION
	ADD CONSTRAINT PK_ECOMMERCE_SECCION PRIMARY KEY (SECCION);

INSERT INTO TBL_ECOMMERCE_SECCION (SECCION,ADDTAG,ABREVI,DESCRI)
VALUES 
	(1,1,'KEYSEY','KEYCAPS SET'),
	(2,1,'STABILIZER','STABILIZERS'),
	(3,1,'KEYBOARD','KEYBOARD'),
	(4,1,'STYLE','STYLE'),
	(5,1,'FINISH','FINAL FINISH');
	
DROP TABLE IF EXISTS TBL_ARTICLE_ECOMMERCE;
	
CREATE TABLE TBL_ARTICLE_ECOMMERCE(
	CODART VARCHAR(50),
	SECCION INTEGER,
	MODEL INTEGER,
	ABREVI VARCHAR(10),
	DESCRI VARCHAR(250),
	CODEXT VARCHAR(100),
	REGISTDATE DATE,
	IMAGE BYTEA,
	OBSERV VARCHAR(500),
	STATUS VARCHAR(1) DEFAULT 'Y',
	CREATEBY VARCHAR(10) DEFAULT 'ADMIN',
	UPDATEBY VARCHAR(10) DEFAULT 'ADMIN',
	CREATEAT TIMESTAMP DEFAULT CURRENT_TIMESTAMP,
	UPDATEAT TIMESTAMP DEFAULT CURRENT_TIMESTAMP
);

ALTER TABLE TBL_ARTICLE_ECOMMERCE
	ADD CONSTRAINT PK_ARTICLE_ECOMMERCE PRIMARY KEY (CODART,SECCION);


-- INSERT INTO TBL_ARTICLE (CODART,TYPINV,ABREVI,DESCRI,CODEXT,
--                           CODBAR,REGISTDATE,CSTOCK,CODPRV,CODFAB,
--                           CODUND,IMAGE,OBSERV,COMMEN)
-- VALUES 
-- 	('PORTICO75',0,'None','None','',
--    '2023-04-26',NULL,'Sin Modelo Especificado'),
--    	('PORTICO75',0,'None','None','',
--    '2023-04-26',NULL,'Sin Modelo Especificado'),
--    (1,'PORTICO75',0,'None','None','',
--    '2023-04-26',NULL,'Sin Modelo Especificado'),
--    (1,'PORTICO75',0,'None','None','',
--    '2023-04-26',NULL,'Sin Modelo Especificado'),
--    (1,'PORTICO75',0,'None','None','',
--    '2023-04-26',NULL,'Sin Modelo Especificado');

SELECT * FROM TBL_ARTICLE_ECOMMERCE;

DROP TABLE IF EXISTS TBL_ARTICLE_ATTACHED;

CREATE TABLE TBL_ARTICLE_ATTACHED(
	CODART VARCHAR(50),
	TYPSPE INTEGER,
	ARCHIVE VARCHAR(250),
	OBSERV VARCHAR(500),
	IDMONGO VARCHAR(50),
	STATUS VARCHAR(1) DEFAULT 'Y',
	CREATEBY VARCHAR(10) DEFAULT 'ADMIN',
	UPDATEBY VARCHAR(10) DEFAULT 'ADMIN',
	CREATEAT TIMESTAMP DEFAULT CURRENT_TIMESTAMP,
	UPDATEAT TIMESTAMP DEFAULT CURRENT_TIMESTAMP
);

ALTER TABLE TBL_ARTICLE_ATTACHED
	ADD CONSTRAINT PK_ARTICLE_ATTACHED PRIMARY KEY (CODART,TYPSPE,ARCHIVE);

DROP TABLE IF EXISTS TBL_ARTICLE_SPECIFICATION;

CREATE TABLE TBL_ARTICLE_SPECIFICATION(
	TYPINV INTEGER,
	TYPSPE INTEGER,
	ABREVI VARCHAR(10),
	DESCRI VARCHAR(250),
	CODEXT VARCHAR(100),
	OBSERV VARCHAR(500),
	COMMEN VARCHAR(500),
	DEFAUL VARCHAR(1) DEFAULT 'N',
	MULTIP VARCHAR(1) DEFAULT 'N',
	FORMAT VARCHAR(10),
	EXTENSION VARCHAR(10),
	MAXSIZE INTEGER,
	TITLE VARCHAR(250),
	STATUS VARCHAR(1) DEFAULT 'Y',
	CREATEBY VARCHAR(10) DEFAULT 'ADMIN',
	UPDATEBY VARCHAR(10) DEFAULT 'ADMIN',
	CREATEAT TIMESTAMP DEFAULT CURRENT_TIMESTAMP,
	UPDATEAT TIMESTAMP DEFAULT CURRENT_TIMESTAMP
);

ALTER TABLE TBL_ARTICLE_SPECIFICATION
	ADD CONSTRAINT PK_ARTICLE_SPECIFICATION PRIMARY KEY (TYPINV,TYPSPE);

INSERT INTO TBL_ARTICLE_SPECIFICATION (TYPINV,TYPSPE,ABREVI,DESCRI,CODEXT,OBSERV,COMMEN,DEFAUL,MULTIP,FORMAT,EXTENSION,MAXSIZE,TITLE,STATUS,CREATEBY,UPDATEBY,CREATEAT,UPDATEAT)
VALUES
	(1,1,'KSET','KEYCAPS SET','KSET','Keycaps Set','Keycaps Set','Y','N','image.png','PNG',100,'Keycaps Set','Y','ADMIN','ADMIN','2024-02-29 00:13:44.81854','2024-02-29 00:13:44.81854'),
	(1,2,'STAB','STABILIZERS','STAB','Stabilizers','Stabilizers','N','N','image.png','PNG',100,'Stabilizers','Y','ADMIN','ADMIN','2024-02-29 00:13:44.81854','2024-02-29 00:13:44.81854'),
	(1,3,'KBRD','KEYBOARD','KBRD','Keyboard','Keyboard','N','N','image.png','PNG',100,'Keyboard','Y','ADMIN','ADMIN','2024-02-29 00:13:44.81854','2024-02-29 00:13:44.81854'),
	(1,4,'STYL','STYLE','STYL','Style','Style','N','N','image.png','PNG',100,'Style','Y','ADMIN','ADMIN','2024-02-29 00:13:44.81854','2024-02-29 00:13:44.81854'),
	(1,5,'FINI','FINAL FINISH','FINI','Final Finish','Final Finish','N','N','image.png','PNG',100,'Final Finish','Y','ADMIN','ADMIN','2024-02-29 00:13:44.81854','2024-02-29 00:13:44.81854');